pair,entry,exit,days,dir,gross,net,reason,gate
AUDUSD/NZDUSD,2007-08-14,2007-09-05,16,-1,-0.015495192051509376,-0.016171498617052946,stop,G0_no_gate
AUDUSD/NZDUSD,2007-09-14,2007-09-17,1,-1,0.0018656207025948793,0.0016430054092298099,stop,G0_no_gate
AUDUSD/NZDUSD,2007-09-18,2007-10-31,31,-1,-0.02309083334884362,-0.024195330653933617,time,G0_no_gate
AUDUSD/NZDUSD,2007-11-01,2007-12-11,27,-1,0.03336008251970165,0.03236855979844331,target,G0_no_gate
AUDUSD/NZDUSD,2008-04-30,2008-06-13,31,-1,-0.018052721733131823,-0.019163861320653102,time,G0_no_gate
AUDUSD/NZDUSD,2008-06-16,2008-07-30,31,-1,-0.012984825080148059,-0.014096255937092433,time,G0_no_gate
AUDUSD/NZDUSD,2008-07-31,2008-08-18,12,-1,0.029800167761508997,0.029249796120352035,target,G0_no_gate
AUDUSD/NZDUSD,2008-10-07,2008-10-13,4,1,-0.0029949926339447597,-0.0033349797347966234,stop,G0_no_gate
AUDUSD/NZDUSD,2008-10-15,2008-11-14,22,1,0.027063675984532208,0.026153458276400192,target,G0_no_gate
AUDUSD/NZDUSD,2010-02-22,2010-04-06,31,-1,-0.012323084093551769,-0.013444199605510061,time,G0_no_gate
AUDUSD/NZDUSD,2010-04-07,2010-05-14,27,-1,0.023318601517976163,0.02231538243176543,target,G0_no_gate
AUDUSD/NZDUSD,2010-10-01,2010-11-02,22,-1,0.010129752508069585,0.00929126804051751,target,G0_no_gate
AUDUSD/NZDUSD,2010-12-20,2011-01-04,11,-1,0.015340868238463739,0.014828966845477683,target,G0_no_gate
AUDUSD/NZDUSD,2011-02-25,2011-04-11,31,-1,0.004408317345912308,0.0032969669885271197,time,G0_no_gate
AUDUSD/NZDUSD,2011-07-19,2011-08-31,31,1,-0.002186068093848947,-0.003279790074978651,time,G0_no_gate
AUDUSD/NZDUSD,2011-09-26,2011-10-28,24,1,0.031053816255461393,0.03018124343962411,target,G0_no_gate
AUDUSD/NZDUSD,2012-10-02,2012-11-12,29,1,0.009005494070192924,0.007974441394576837,target,G0_no_gate
AUDUSD/NZDUSD,2013-02-05,2013-03-18,29,1,0.005242312639740753,0.004213576193401207,target,G0_no_gate
AUDUSD/NZDUSD,2013-04-24,2013-05-20,18,1,-0.01869311855962441,-0.01939086225205521,stop,G0_no_gate
AUDUSD/NZDUSD,2013-06-03,2013-06-07,4,1,-0.0055741518990062786,-0.005845008138348746,stop,G0_no_gate
AUDUSD/NZDUSD,2013-06-10,2013-06-11,1,1,0.0030075343847489134,0.0028206695964519894,stop,G0_no_gate
AUDUSD/NZDUSD,2013-06-12,2013-07-25,31,1,-0.029274684498314635,-0.030366320044531308,time,G0_no_gate
AUDUSD/NZDUSD,2013-07-26,2013-09-09,31,1,0.00366129016439241,0.0025459555096707586,time,G0_no_gate
AUDUSD/NZDUSD,2013-09-13,2013-10-29,31,1,-0.00249158698796369,-0.003606270304496286,time,G0_no_gate
AUDUSD/NZDUSD,2013-11-19,2014-01-01,31,1,-0.01236532258438438,-0.013481479747730113,time,G0_no_gate
AUDUSD/NZDUSD,2014-01-02,2014-02-14,31,1,-0.0055619815292771435,-0.006673806618788739,time,G0_no_gate
AUDUSD/NZDUSD,2014-12-08,2015-01-20,31,1,-0.012252561034562187,-0.013365397198702686,time,G0_no_gate
AUDUSD/NZDUSD,2015-02-18,2015-04-02,31,1,-0.006326239176257423,-0.007456950554656989,time,G0_no_gate
AUDUSD/NZDUSD,2015-04-06,2015-05-07,23,1,0.02737012999795477,0.026480511368025213,target,G0_no_gate
AUDUSD/NZDUSD,2015-06-15,2015-07-28,31,-1,-0.0026702070254414536,-0.003824296093737933,time,G0_no_gate
AUDUSD/NZDUSD,2016-01-12,2016-02-24,31,1,0.013868780935321,0.012733524883337689,time,G0_no_gate
AUDUSD/NZDUSD,2017-07-20,2017-09-01,31,-1,-0.0073168609145574295,-0.008433146869340774,time,G0_no_gate
AUDUSD/NZDUSD,2017-09-04,2017-10-17,31,-1,0.009514517781856656,0.008387976706021191,time,G0_no_gate
AUDUSD/NZDUSD,2017-10-23,2017-12-06,31,-1,0.008931946882527353,0.007794026375940103,time,G0_no_gate
AUDUSD/NZDUSD,2018-11-22,2019-01-04,31,1,-0.009717497228115813,-0.010864083991302627,time,G0_no_gate
AUDUSD/NZDUSD,2019-01-07,2019-02-19,31,1,-0.007115258422133399,-0.008257400804188816,time,G0_no_gate
AUDUSD/NZDUSD,2019-02-20,2019-04-04,31,1,0.001984057318951622,0.000842729160833298,time,G0_no_gate
AUDUSD/NZDUSD,2019-08-05,2019-09-06,24,1,0.009320938476246066,0.008390805212402925,target,G0_no_gate
AUDUSD/NZDUSD,2019-12-12,2020-01-24,31,1,-0.0047482994696905634,-0.005893292207975455,time,G0_no_gate
AUDUSD/NZDUSD,2020-01-27,2020-03-10,31,1,-0.004849495416846497,-0.006000751215053932,time,G0_no_gate
AUDUSD/NZDUSD,2020-03-11,2020-03-16,3,1,-0.01477395924086198,-0.015101367323221707,stop,G0_no_gate
AUDUSD/NZDUSD,2020-03-24,2020-04-15,16,1,0.0163207512823706,0.015600806370858936,target,G0_no_gate
AUDUSD/NZDUSD,2020-08-18,2020-09-30,31,-1,0.008627358314721053,0.007474692992877398,time,G0_no_gate
AUDUSD/NZDUSD,2021-08-03,2021-09-15,31,1,-0.010463528445076826,-0.011600409628570202,time,G0_no_gate
AUDUSD/NZDUSD,2021-09-16,2021-10-13,19,1,0.01460170531628249,0.01381889021828218,target,G0_no_gate
AUDUSD/NZDUSD,2021-11-10,2021-11-29,13,1,0.010674764230031643,0.010062128747217056,target,G0_no_gate
AUDUSD/NZDUSD,2022-04-07,2022-05-16,27,-1,-0.005970136559771612,-0.007007948927632686,target,G0_no_gate
AUDUSD/NZDUSD,2022-10-12,2022-11-24,31,1,0.002959869916347067,0.0018103863536879645,time,G0_no_gate
AUDUSD/NZDUSD,2022-12-06,2023-01-16,29,1,0.017983359679065888,0.01689421274448766,target,G0_no_gate
AUDUSD/NZDUSD,2024-02-13,2024-03-19,25,1,0.005801897241045841,0.004815675864483781,target,G0_no_gate
AUDUSD/NZDUSD,2024-05-08,2024-05-27,13,-1,0.006742712768240706,0.006119039491490353,target,G0_no_gate
AUDUSD/NZDUSD,2024-07-05,2024-08-19,31,-1,8.20879123691299e-05,-0.0010809559043864537,time,G0_no_gate
AUDUSD/NZDUSD,2025-04-11,2025-05-28,31,1,0.0030618881495234965,0.0018917393294945717,time,G0_no_gate
AUDUSD/NZDUSD,2025-06-04,2025-07-14,28,1,0.009062465648245376,0.007985102325136068,target,G0_no_gate
AUDUSD/NZDUSD,2025-09-15,2025-10-28,31,-1,-0.00633174616210365,-0.007503235153149497,time,G0_no_gate
AUDUSD/NZDUSD,2025-10-29,2025-12-11,31,-1,-0.005561929695833401,-0.006724992683406432,time,G0_no_gate
AUDUSD/NZDUSD,2025-12-12,2026-01-28,31,-1,-0.018675861948777045,-0.0198216958145438,time,G0_no_gate
AUDUSD/NZDUSD,2026-01-29,2026-03-13,31,-1,-0.012981992988693476,-0.014117438940562117,time,G0_no_gate
AUDUSD/NZDUSD,2026-03-16,2026-04-28,31,-1,-0.009967629727119422,-0.011112949187682904,time,G0_no_gate
AUDUSD/NZDUSD,2026-04-29,2026-06-11,31,-1,0.018488086314709176,0.017358482827812986,time,G0_no_gate
EURUSD/GBPUSD,2006-04-04,2006-05-17,31,-1,0.011857166043870836,0.010863934824915326,time,G0_no_gate
EURUSD/GBPUSD,2006-12-11,2006-12-14,3,-1,0.004488956233207568,0.004337995581679038,target,G0_no_gate
EURUSD/GBPUSD,2007-01-15,2007-02-14,22,1,0.008750891979916676,0.008029927094099037,target,G0_no_gate
EURUSD/GBPUSD,2007-03-14,2007-04-26,31,-1,-0.006155401030764495,-0.007144816258596469,time,G0_no_gate
EURUSD/GBPUSD,2007-04-27,2007-06-11,31,-1,0.006480148617342313,0.005489810816699768,time,G0_no_gate
EURUSD/GBPUSD,2007-09-17,2007-10-30,31,-1,-0.0009453799241218367,-0.001932133773855934,time,G0_no_gate
EURUSD/GBPUSD,2007-11-13,2007-12-21,25,-1,-0.019960606408946386,-0.02076909536328026,stop,G0_no_gate
EURUSD/GBPUSD,2008-01-02,2008-01-03,1,-1,-0.0031347794399253052,-0.0032230742913943312,stop,G0_no_gate
EURUSD/GBPUSD,2008-01-16,2008-02-11,15,-1,0.0009230591306193803,0.00041423645408117133,stop,G0_no_gate
EURUSD/GBPUSD,2008-02-20,2008-04-04,31,-1,-0.025866344613217983,-0.026851261941304265,time,G0_no_gate
EURUSD/GBPUSD,2008-04-07,2008-05-21,31,-1,-0.005525298742575947,-0.006506767851001715,time,G0_no_gate
EURUSD/GBPUSD,2008-08-27,2008-10-09,31,1,-0.07560242629760044,-0.07659706112460705,time,G0_no_gate
EURUSD/GBPUSD,2008-12-17,2009-01-29,31,-1,0.032202812945601844,0.031202168932963757,time,G0_no_gate
EURUSD/GBPUSD,2009-10-13,2009-11-25,31,-1,0.006629298631024991,0.00563913528820854,time,G0_no_gate
EURUSD/GBPUSD,2010-05-06,2010-06-18,31,1,-0.009297558899967862,-0.010299645806679268,time,G0_no_gate
EURUSD/GBPUSD,2010-06-24,2010-08-06,31,1,-0.004723739168899331,-0.005722610969050469,time,G0_no_gate
EURUSD/GBPUSD,2010-08-09,2010-09-21,31,1,0.009224741530641161,0.008224124697835148,time,G0_no_gate
EURUSD/GBPUSD,2011-06-29,2011-07-28,21,-1,0.013028794282037482,0.012331747992988551,target,G0_no_gate
EURUSD/GBPUSD,2011-09-26,2011-10-04,6,-1,0.008161300339084325,0.007910323690282047,target,G0_no_gate
EURUSD/GBPUSD,2012-01-06,2012-02-20,31,1,-0.000686405468285383,-0.001685937097625621,time,G0_no_gate
EURUSD/GBPUSD,2012-02-21,2012-04-04,31,1,-0.0025571863986972115,-0.003557142170669182,time,G0_no_gate
EURUSD/GBPUSD,2012-04-06,2012-05-21,31,1,-0.007429689601067686,-0.00843080532156034,time,G0_no_gate
EURUSD/GBPUSD,2012-07-18,2012-08-30,31,1,0.0010267953101470368,2.5633393242841668e-05,time,G0_no_gate
EURUSD/GBPUSD,2013-01-28,2013-03-12,31,-1,-0.017324905729372765,-0.0183269898920924,time,G0_no_gate
EURUSD/GBPUSD,2013-10-24,2013-11-11,12,-1,0.022096916772495395,0.021673445440477418,target,G0_no_gate
EURUSD/GBPUSD,2014-01-24,2014-03-10,31,1,0.006153118226163663,0.0051599939805863325,time,G0_no_gate
EURUSD/GBPUSD,2014-05-23,2014-07-07,31,1,-0.00893724851451268,-0.00992994728610698,time,G0_no_gate
EURUSD/GBPUSD,2014-07-08,2014-08-20,31,1,-0.007056063113460338,-0.008049428264086332,time,G0_no_gate
EURUSD/GBPUSD,2014-08-21,2014-09-08,12,1,-0.015733042413332298,-0.016156807443759077,stop,G0_no_gate
EURUSD/GBPUSD,2014-09-11,2014-10-24,31,1,-0.016809683737184774,-0.017804307503964563,time,G0_no_gate
EURUSD/GBPUSD,2015-01-27,2015-03-11,31,1,-0.020472865202824143,-0.021480391227873485,time,G0_no_gate
EURUSD/GBPUSD,2015-03-12,2015-04-24,31,1,0.0048018328337434135,0.0037943400594448624,time,G0_no_gate
EURUSD/GBPUSD,2015-04-28,2015-06-10,31,1,0.00731122000673033,0.00630595267286227,time,G0_no_gate
EURUSD/GBPUSD,2015-06-19,2015-08-03,31,1,-0.0030546098543046784,-0.004059986431068761,time,G0_no_gate
EURUSD/GBPUSD,2016-02-08,2016-03-22,31,-1,-0.008664043725145102,-0.00966912880999171,time,G0_no_gate
EURUSD/GBPUSD,2016-04-05,2016-05-18,31,-1,0.007166661073222874,0.006164627989362043,time,G0_no_gate
EURUSD/GBPUSD,2016-11-16,2016-12-29,31,1,-0.02864817734577527,-0.029655288642715747,time,G0_no_gate
EURUSD/GBPUSD,2016-12-30,2017-02-13,31,1,0.0005776593422025314,-0.0004314047161081726,time,G0_no_gate
EURUSD/GBPUSD,2017-07-13,2017-08-25,31,-1,-0.02203672068028549,-0.0230454454644634,time,G0_no_gate
EURUSD/GBPUSD,2017-08-28,2017-09-18,15,-1,0.026827352744924406,0.026299252500153775,target,G0_no_gate
EURUSD/GBPUSD,2018-08-28,2018-09-12,11,-1,0.008261394924206545,0.00785199033857245,target,G0_no_gate
EURUSD/GBPUSD,2018-10-11,2018-11-01,15,1,0.004603008039608199,0.004071891514470397,target,G0_no_gate
EURUSD/GBPUSD,2018-11-07,2018-11-20,9,1,0.00962456274181536,0.009274066299563118,target,G0_no_gate
EURUSD/GBPUSD,2019-01-25,2019-03-11,31,1,0.0005644144079652424,-0.00044624362456277284,time,G0_no_gate
EURUSD/GBPUSD,2019-03-12,2019-03-13,1,1,0.007320918071424116,0.0072111151271057345,stop,G0_no_gate
EURUSD/GBPUSD,2019-03-14,2019-04-26,31,1,0.002612471084836011,0.0016016633846505728,time,G0_no_gate
EURUSD/GBPUSD,2019-04-29,2019-06-11,30,1,0.015881516610714456,0.014903216157240783,target,G0_no_gate
EURUSD/GBPUSD,2019-09-25,2019-11-07,31,1,-0.0025938338080611096,-0.003600695216698024,time,G0_no_gate
EURUSD/GBPUSD,2019-11-11,2019-12-24,31,1,0.002640365047103835,0.0016338873839001524,time,G0_no_gate
EURUSD/GBPUSD,2020-02-11,2020-03-04,16,1,0.022301481482298203,0.021747424061631528,target,G0_no_gate
EURUSD/GBPUSD,2020-03-10,2020-03-30,14,-1,0.01986217783538083,0.01936929369421036,target,G0_no_gate
EURUSD/GBPUSD,2020-04-07,2020-05-20,31,1,0.01032286397663081,0.009317538660170932,time,G0_no_gate
EURUSD/GBPUSD,2020-06-08,2020-07-21,31,-1,-0.011383347055672881,-0.012386071700806094,time,G0_no_gate
EURUSD/GBPUSD,2020-07-22,2020-07-29,5,-1,-0.01226433718674005,-0.01248548685746075,stop,G0_no_gate
EURUSD/GBPUSD,2020-08-04,2020-09-16,31,-1,-0.00828469733428272,-0.009286725615359887,time,G0_no_gate
EURUSD/GBPUSD,2020-09-17,2020-10-30,31,-1,0.00645897690129816,0.0054525648052158975,time,G0_no_gate
EURUSD/GBPUSD,2021-02-22,2021-04-06,31,1,-0.009108525835489404,-0.010115240674473213,time,G0_no_gate
EURUSD/GBPUSD,2021-04-07,2021-05-20,31,1,0.005499618554733367,0.004495493479834943,time,G0_no_gate
EURUSD/GBPUSD,2021-07-15,2021-08-27,31,1,-0.00238742811611427,-0.0033900069993136584,time,G0_no_gate
EURUSD/GBPUSD,2021-10-04,2021-11-16,31,1,-0.015102161142379618,-0.016105936732504055,time,G0_no_gate
EURUSD/GBPUSD,2021-11-17,2021-12-30,31,1,0.0011674490382922575,0.00016234211660158277,time,G0_no_gate
EURUSD/GBPUSD,2022-01-06,2022-02-18,31,1,-0.0004582833451801456,-0.0014684274013142089,time,G0_no_gate
EURUSD/GBPUSD,2022-02-21,2022-03-11,14,1,0.009198817087947378,0.008695399534841759,target,G0_no_gate
EURUSD/GBPUSD,2022-04-28,2022-06-10,31,-1,-0.004833339973544026,-0.005850453233867221,time,G0_no_gate
EURUSD/GBPUSD,2022-06-16,2022-07-19,23,-1,0.005390960424662357,0.004611168090844421,target,G0_no_gate
EURUSD/GBPUSD,2022-09-20,2022-10-18,20,-1,0.006110243713807828,0.005417527198712076,target,G0_no_gate
EURUSD/GBPUSD,2022-12-19,2023-01-31,31,-1,-0.007323997708917023,-0.008337804674536783,time,G0_no_gate
EURUSD/GBPUSD,2023-02-01,2023-03-16,31,-1,0.006685712974649593,0.005670072862921958,time,G0_no_gate
EURUSD/GBPUSD,2024-06-11,2024-07-24,31,1,-0.0012949413578471603,-0.002306938755620238,time,G0_no_gate
EURUSD/GBPUSD,2024-10-21,2024-12-03,31,1,-0.012113861341702944,-0.013126417935881532,time,G0_no_gate
EURUSD/GBPUSD,2024-12-04,2025-01-17,31,1,0.000611031760619425,-0.00040427204087135665,time,G0_no_gate
EURUSD/GBPUSD,2025-04-14,2025-05-13,19,-1,0.014546932914743902,0.01389533612610384,target,G0_no_gate
EURUSD/GBPUSD,2025-07-15,2025-08-27,31,-1,0.0031078159732996656,0.0020979523433251514,time,G0_no_gate
EURUSD/GBPUSD,2025-09-29,2025-11-11,31,-1,-0.00484022706835132,-0.005852153275404051,time,G0_no_gate
EURUSD/GBPUSD,2025-11-12,2025-12-26,31,-1,0.008606228300808672,0.007596088947117979,time,G0_no_gate
EURUSD/GBPUSD,2026-06-24,2026-07-17,17,1,-0.005214062536173216,-0.005801813845035659,stop,G0_no_gate
EURUSD/GBPUSD,2026-07-20,2026-09-01,31,1,0.006088276821003352,0.005080944093610619,time,G0_no_gate
EURGBP/CHFJPY,2006-04-04,2006-05-03,21,-1,0.016817985409646893,0.015962867949241396,target,G0_no_gate
EURGBP/CHFJPY,2006-08-07,2006-09-19,31,1,0.0007784852877847264,-0.00037912977217100874,time,G0_no_gate
EURGBP/CHFJPY,2006-12-11,2006-12-14,3,-1,0.006691128835222213,0.006369433606739491,target,G0_no_gate
EURGBP/CHFJPY,2007-01-15,2007-02-15,23,1,0.016697877032029598,0.01577580714113559,target,G0_no_gate
EURGBP/CHFJPY,2007-03-16,2007-04-30,31,-1,-0.004561424057513415,-0.005722144459692635,time,G0_no_gate
EURGBP/CHFJPY,2007-05-07,2007-06-13,27,-1,0.01012178755610068,0.009083110905900596,target,G0_no_gate
EURGBP/CHFJPY,2007-09-14,2007-09-21,5,-1,-0.008708583560135002,-0.00907598635635159,stop,G0_no_gate
EURGBP/CHFJPY,2007-09-24,2007-11-06,31,-1,0.0003781816627464005,-0.0007695068674185709,time,G0_no_gate
EURGBP/CHFJPY,2007-11-12,2007-11-27,10,-1,-0.009852502159539853,-0.010369074480673646,stop,G0_no_gate
EURGBP/CHFJPY,2007-11-28,2008-01-11,31,-1,-0.04537888056849935,-0.0465179172537705,time,G0_no_gate
EURGBP/CHFJPY,2008-01-14,2008-02-26,31,-1,0.008243289645912838,0.0071040337400705205,time,G0_no_gate
EURGBP/CHFJPY,2008-02-27,2008-04-11,31,-1,-0.040821224706898133,-0.041950112444160643,time,G0_no_gate
EURGBP/CHFJPY,2008-04-14,2008-05-28,31,-1,0.008467583631338265,0.007328676528391194,time,G0_no_gate
EURGBP/CHFJPY,2008-09-01,2008-10-14,31,-1,-0.03981638873724129,-0.04099238736850096,time,G0_no_gate
EURGBP/CHFJPY,2008-11-14,2008-12-18,24,-1,-0.10072005481327033,-0.10160755351553058,stop,G0_no_gate
EURGBP/CHFJPY,2008-12-22,2008-12-23,1,-1,-0.005678342333732675,-0.005898907381133218,stop,G0_no_gate
EURGBP/CHFJPY,2009-01-01,2009-02-02,22,-1,0.06586347459297112,0.06499532127017132,target,G0_no_gate
EURGBP/CHFJPY,2009-03-19,2009-05-01,31,-1,0.028148186049685445,0.027013221419965802,time,G0_no_gate
EURGBP/CHFJPY,2010-06-28,2010-08-10,31,1,0.01703311699910879,0.015886345736546077,time,G0_no_gate
EURGBP/CHFJPY,2011-08-04,2011-08-26,16,1,0.014655546579712013,0.013983929196453665,target,G0_no_gate
EURGBP/CHFJPY,2012-01-10,2012-02-22,31,1,-0.002531103888075011,-0.0036602285243642263,time,G0_no_gate
EURGBP/CHFJPY,2012-03-02,2012-04-16,31,1,-0.005915215821017204,-0.007049376602758251,time,G0_no_gate
EURGBP/CHFJPY,2012-04-19,2012-06-01,31,1,0.003376302992441715,0.002234583938891959,time,G0_no_gate
EURGBP/CHFJPY,2013-01-02,2013-01-21,13,1,0.020410031394991163,0.019821842466062983,target,G0_no_gate
EURGBP/CHFJPY,2013-02-22,2013-03-19,17,-1,0.007603253773459641,0.006899853439466148,target,G0_no_gate
EURGBP/CHFJPY,2013-04-09,2013-05-22,31,1,-1.1077059557990446e-05,-0.0011329014879545545,time,G0_no_gate
EURGBP/CHFJPY,2013-09-17,2013-10-30,31,1,0.011253381041500227,0.010135931401780528,time,G0_no_gate
EURGBP/CHFJPY,2013-11-25,2013-12-19,18,1,-0.006673716775398774,-0.007398955970829299,target,G0_no_gate
EURGBP/CHFJPY,2014-01-24,2014-03-10,31,1,0.010307306536201625,0.009190707899808385,target,G0_no_gate
EURGBP/CHFJPY,2014-05-15,2014-06-17,23,1,-0.019281959340673137,-0.02016755522896811,stop,G0_no_gate
EURGBP/CHFJPY,2014-06-18,2014-07-31,31,1,-0.007278584516622268,-0.008406580436771362,time,G0_no_gate
EURGBP/CHFJPY,2014-08-01,2014-09-15,31,1,0.008009072104563381,0.006883656596813286,time,G0_no_gate
EURGBP/CHFJPY,2014-09-29,2014-11-11,31,1,0.008862426243673548,0.007738137091858587,time,G0_no_gate
EURGBP/CHFJPY,2014-11-12,2014-12-25,31,1,-0.00649740387021496,-0.0076243308174692515,time,G0_no_gate
EURGBP/CHFJPY,2015-01-27,2015-03-11,31,1,-0.0548727110247005,-0.05601304493910467,time,G0_no_gate
EURGBP/CHFJPY,2015-03-16,2015-03-17,1,1,0.0024396636184953868,0.002200183408559337,stop,G0_no_gate
EURGBP/CHFJPY,2015-03-18,2015-04-30,31,1,0.01737567300693797,0.016240850262356797,time,G0_no_gate
EURGBP/CHFJPY,2016-01-12,2016-02-24,31,-1,-0.04832594334549347,-0.04944803771033197,time,G0_no_gate
EURGBP/CHFJPY,2016-02-26,2016-04-11,31,-1,-0.013838841848540787,-0.014965108084974595,time,G0_no_gate
EURGBP/CHFJPY,2016-10-07,2016-11-21,31,-1,0.003939153361321335,0.002807534256460015,time,G0_no_gate
EURGBP/CHFJPY,2016-12-02,2017-01-16,31,-1,-0.021853660066838986,-0.022979963561221523,time,G0_no_gate
EURGBP/CHFJPY,2017-01-17,2017-03-01,31,-1,0.019337502758451815,0.01821080796327609,time,G0_no_gate
EURGBP/CHFJPY,2017-07-24,2017-09-05,31,-1,-0.022517517508120557,-0.023612410124941953,time,G0_no_gate
EURGBP/CHFJPY,2017-09-06,2017-10-19,31,-1,0.023201909938814897,0.022102762624397927,time,G0_no_gate
EURGBP/CHFJPY,2018-08-27,2018-09-18,16,-1,0.020849238245280215,0.020194029459069,target,G0_no_gate
EURGBP/CHFJPY,2018-12-12,2019-01-23,30,-1,0.02149711060972963,0.02041721802235262,target,G0_no_gate
EURGBP/CHFJPY,2019-01-28,2019-02-07,8,1,0.014529180510664985,0.014107465583185583,target,G0_no_gate
EURGBP/CHFJPY,2019-02-28,2019-04-12,31,1,0.006015488996629272,0.004899494243743146,time,G0_no_gate
EURGBP/CHFJPY,2019-07-31,2019-09-12,31,-1,0.02052024583505619,0.019410800056472673,time,G0_no_gate
EURGBP/CHFJPY,2019-12-10,2019-12-23,9,1,0.01312643306897137,0.01265660844789106,target,G0_no_gate
EURGBP/CHFJPY,2020-03-17,2020-03-20,3,-1,-0.010814701122104874,-0.011099770157188413,stop,G0_no_gate
EURGBP/CHFJPY,2020-03-24,2020-03-25,1,-1,0.0037813162590061896,0.0035578892096610366,stop,G0_no_gate
EURGBP/CHFJPY,2020-03-26,2020-04-15,14,-1,0.036038515334262694,0.035420037046576536,target,G0_no_gate
EURGBP/CHFJPY,2020-06-08,2020-07-21,31,-1,-0.009793444836695359,-0.010913651226555224,time,G0_no_gate
EURGBP/CHFJPY,2021-02-08,2021-03-23,31,1,-0.014864257103300456,-0.01597884879968229,time,G0_no_gate
EURGBP/CHFJPY,2021-03-24,2021-05-04,29,1,0.004354162932145822,0.0033098468047439884,target,G0_no_gate
EURGBP/CHFJPY,2022-01-24,2022-02-09,12,1,0.006066965187958191,0.00552317564784158,target,G0_no_gate
EURGBP/CHFJPY,2022-03-08,2022-03-11,3,1,0.010900980113056529,0.010625988224096753,target,G0_no_gate
EURGBP/CHFJPY,2022-03-28,2022-03-31,3,-1,-0.014724621310886674,-0.014995257133098659,stop,G0_no_gate
EURGBP/CHFJPY,2022-04-04,2022-04-18,10,-1,0.008456369817744964,0.007973869363140854,target,G0_no_gate
EURGBP/CHFJPY,2022-04-26,2022-06-08,31,-1,-0.01350609271588739,-0.014614081672024838,time,G0_no_gate
EURGBP/CHFJPY,2022-06-10,2022-07-11,21,-1,0.002217182268660707,0.0014096233842178442,target,G0_no_gate
EURGBP/CHFJPY,2022-09-02,2022-09-27,17,-1,-0.03464533211758043,-0.035323357591571104,stop,G0_no_gate
EURGBP/CHFJPY,2023-01-03,2023-02-15,31,-1,0.006915151847933826,0.005814422035874838,time,G0_no_gate
EURGBP/CHFJPY,2023-10-23,2023-12-05,31,-1,0.011776377146099184,0.010675301772008688,time,G0_no_gate
EURGBP/CHFJPY,2024-06-13,2024-07-02,13,1,0.006307367494128093,0.00574455951694645,target,G0_no_gate
EURGBP/CHFJPY,2024-07-26,2024-08-07,8,1,0.009729904673174836,0.009321496727805507,target,G0_no_gate
EURGBP/CHFJPY,2024-08-29,2024-10-11,31,1,-0.002723808138276268,-0.0038244964840418623,time,G0_no_gate
EURGBP/CHFJPY,2024-10-17,2024-11-04,12,1,0.006939674390733474,0.006409366913076954,target,G0_no_gate
EURGBP/CHFJPY,2024-11-12,2024-12-25,31,1,0.0005608687631808748,-0.0005413430453531096,time,G0_no_gate
EURGBP/CHFJPY,2025-03-03,2025-03-12,7,1,0.018597255782420538,0.01821210632911145,target,G0_no_gate
EURGBP/CHFJPY,2025-04-14,2025-05-14,20,-1,0.02910918696662074,0.028332526993979756,target,G0_no_gate
EURGBP/CHFJPY,2025-12-24,2026-02-09,31,1,-0.009131800746813724,-0.010221344173717607,time,G0_no_gate
EURGBP/CHFJPY,2026-02-10,2026-03-25,31,1,-0.0015673668414426505,-0.0026601537532487474,time,G0_no_gate
EURGBP/CHFJPY,2026-07-03,2026-07-17,10,1,-0.00796913743756136,-0.008444948184962697,stop,G0_no_gate
EURGBP/CHFJPY,2026-07-20,2026-09-01,31,1,0.007898802130495534,0.006795670839593399,time,G0_no_gate
AUDJPY/NZDJPY,2006-01-30,2006-03-14,31,-1,-0.016810084430799548,-0.01801410451863297,time,G0_no_gate
AUDJPY/NZDJPY,2006-03-15,2006-04-27,31,-1,-0.01688098024304966,-0.0180907474127477,time,G0_no_gate
AUDJPY/NZDJPY,2006-04-28,2006-06-02,25,-1,0.013852711213048775,0.01283224088697679,target,G0_no_gate
AUDJPY/NZDJPY,2006-07-17,2006-08-29,31,-1,-0.009340490902880276,-0.010512576789317846,time,G0_no_gate
AUDJPY/NZDJPY,2006-08-30,2006-10-12,31,-1,0.0012935598654692602,0.00012779323506193862,time,G0_no_gate
AUDJPY/NZDJPY,2006-10-25,2006-12-07,31,-1,0.000923048471083284,-0.00024351748688217797,time,G0_no_gate
AUDJPY/NZDJPY,2007-04-05,2007-05-18,31,-1,-0.006045100044408554,-0.007205142118307163,time,G0_no_gate
AUDJPY/NZDJPY,2007-08-14,2007-08-17,3,-1,0.00837732644666738,0.00802527309057865,target,G0_no_gate
AUDJPY/NZDJPY,2007-08-28,2007-09-05,6,-1,-0.012376091113932456,-0.012814446611876069,stop,G0_no_gate
AUDJPY/NZDJPY,2007-09-12,2007-09-13,1,-1,0.0029200276962514145,0.002636754964976055,stop,G0_no_gate
AUDJPY/NZDJPY,2007-09-14,2007-10-08,16,-1,-0.005587862669139061,-0.006297957549688299,stop,G0_no_gate
AUDJPY/NZDJPY,2007-10-09,2007-11-01,17,-1,-0.009445977337648626,-0.01018957777521573,stop,G0_no_gate
AUDJPY/NZDJPY,2007-11-02,2007-11-30,19,-1,0.02838012878862113,0.027566236163037057,target,G0_no_gate
AUDJPY/NZDJPY,2008-05-09,2008-06-23,31,-1,-0.019822308112147198,-0.020993205392590097,time,G0_no_gate
AUDJPY/NZDJPY,2008-06-24,2008-08-07,31,-1,0.006504391901301948,0.0053266129395107935,time,G0_no_gate
AUDJPY/NZDJPY,2008-10-07,2008-11-14,28,1,-0.010024034096664972,-0.01124513926536641,target,G0_no_gate
AUDJPY/NZDJPY,2010-02-22,2010-04-06,31,-1,-0.013096660059022656,-0.014328243233843985,time,G0_no_gate
AUDJPY/NZDJPY,2010-04-07,2010-05-11,24,-1,0.025866938275481238,0.02484148786064731,target,G0_no_gate
AUDJPY/NZDJPY,2010-10-01,2010-11-15,31,-1,0.015335669433868406,0.014086952465383934,time,G0_no_gate
AUDJPY/NZDJPY,2010-12-17,2011-01-31,31,-1,0.020156140589098266,0.018903718359189546,target,G0_no_gate
AUDJPY/NZDJPY,2011-02-25,2011-04-11,31,-1,0.0009334492418770733,-0.0002992639105420126,time,G0_no_gate
AUDJPY/NZDJPY,2011-08-09,2011-09-21,31,1,0.0020801508162125565,0.0008306350118522144,time,G0_no_gate
AUDJPY/NZDJPY,2011-09-22,2011-10-27,25,1,0.019037495535113597,0.017974059196845398,target,G0_no_gate
AUDJPY/NZDJPY,2012-09-24,2012-11-06,31,1,0.0002916363840734657,-0.0009403380750141857,time,G0_no_gate
AUDJPY/NZDJPY,2013-03-15,2013-04-05,15,-1,0.007914647035313213,0.0072158453919491695,target,G0_no_gate
AUDJPY/NZDJPY,2013-05-27,2013-06-21,19,1,-0.01022012879112572,-0.011062662076838016,stop,G0_no_gate
AUDJPY/NZDJPY,2013-06-24,2013-08-02,29,1,-0.024925116930926184,-0.02606181203757507,stop,G0_no_gate
AUDJPY/NZDJPY,2013-08-05,2013-09-17,31,1,0.003061467110902411,0.0018744561963869354,time,G0_no_gate
AUDJPY/NZDJPY,2014-08-28,2014-10-10,31,-1,0.012075533825885474,0.01091062220785033,time,G0_no_gate
AUDJPY/NZDJPY,2014-11-04,2014-11-28,18,-1,0.011042333264538694,0.010274784889428564,target,G0_no_gate
AUDJPY/NZDJPY,2015-02-06,2015-03-23,31,1,-0.004693449099255631,-0.005861019342594852,time,G0_no_gate
AUDJPY/NZDJPY,2015-03-31,2015-05-13,31,1,0.03199610610321959,0.030834465429670842,target,G0_no_gate
AUDJPY/NZDJPY,2015-08-27,2015-09-18,16,1,0.009828862572511692,0.009086375407556966,target,G0_no_gate
AUDJPY/NZDJPY,2016-01-11,2016-02-23,31,1,0.005658124386363334,0.004451570005220113,time,G0_no_gate
AUDJPY/NZDJPY,2016-06-13,2016-07-26,31,1,0.010817548949758915,0.009591058690601471,time,G0_no_gate
AUDJPY/NZDJPY,2016-09-09,2016-10-12,23,1,0.01733981684828541,0.016348898526050686,target,G0_no_gate
AUDJPY/NZDJPY,2017-08-28,2017-10-10,31,-1,-0.0015420701779595666,-0.00274236066093696,time,G0_no_gate
AUDJPY/NZDJPY,2017-10-23,2017-12-06,31,-1,0.013309669039412882,0.01210788786047554,time,G0_no_gate
AUDJPY/NZDJPY,2018-08-13,2018-08-31,14,-1,0.006977947163585754,0.006261659549060312,target,G0_no_gate
AUDJPY/NZDJPY,2018-12-07,2019-01-21,31,1,0.0031967821612496356,0.0019726526820704024,time,G0_no_gate
AUDJPY/NZDJPY,2019-01-24,2019-03-08,31,1,-0.005245417791410019,-0.006463387308897305,time,G0_no_gate
AUDJPY/NZDJPY,2019-03-12,2019-04-18,27,1,0.01578895668251278,0.014695122699524542,target,G0_no_gate
AUDJPY/NZDJPY,2020-01-09,2020-02-21,31,1,0.003546989410823343,0.0023101673372131343,time,G0_no_gate
AUDJPY/NZDJPY,2020-03-11,2020-03-18,5,1,-0.018409819856136024,-0.018907670533103417,stop,G0_no_gate
AUDJPY/NZDJPY,2020-03-20,2020-04-15,18,1,0.022805521241856076,0.021930151873338553,target,G0_no_gate
AUDJPY/NZDJPY,2020-08-18,2020-09-30,31,-1,0.008369686743145689,0.007127358806282469,time,G0_no_gate
AUDJPY/NZDJPY,2021-08-05,2021-09-17,31,1,-0.008116019576421421,-0.00933190578906223,time,G0_no_gate
AUDJPY/NZDJPY,2021-09-20,2021-11-02,31,1,0.006567199948664614,0.005367779915119282,time,G0_no_gate
AUDJPY/NZDJPY,2022-05-09,2022-06-21,31,-1,0.0035354083600034015,0.00234932124017875,time,G0_no_gate
AUDJPY/NZDJPY,2022-09-22,2022-10-21,21,-1,0.012135553338895202,0.01124572746374717,target,G0_no_gate
AUDJPY/NZDJPY,2022-11-24,2023-01-06,31,1,0.008812970925537464,0.0076159535863621975,time,G0_no_gate
AUDJPY/NZDJPY,2024-02-13,2024-03-14,22,1,0.004539463071651484,0.0036399319098145175,target,G0_no_gate
AUDJPY/NZDJPY,2024-04-10,2024-05-23,31,-1,0.0018116558607231782,0.0006561165231318482,time,G0_no_gate
AUDJPY/NZDJPY,2024-07-12,2024-08-26,31,-1,0.006943380093043048,0.005770561159438298,time,G0_no_gate
AUDJPY/NZDJPY,2025-04-09,2025-05-26,31,1,0.004897668913980782,0.003715244285356072,time,G0_no_gate
AUDJPY/NZDJPY,2025-09-19,2025-11-03,31,-1,-0.0073113763353323605,-0.00848547334682373,time,G0_no_gate
AUDJPY/NZDJPY,2025-11-04,2025-12-17,31,-1,0.0012958532197311964,0.0001247697971622254,time,G0_no_gate
AUDJPY/NZDJPY,2026-04-06,2026-05-19,31,-1,0.006112818604029482,0.004945864641128948,time,G0_no_gate
AUDJPY/NZDJPY,2026-06-26,2026-07-13,11,-1,0.011686594931043744,0.01111846836951419,target,G0_no_gate
EURUSD/USDCHF,2006-02-27,2006-04-11,31,-1,-0.003171973885921002,-0.004192246087840763,time,G0_no_gate
EURUSD/USDCHF,2006-04-12,2006-05-18,26,-1,0.0031180232738157805,0.002246700520790646,target,G0_no_gate
EURUSD/USDCHF,2006-08-14,2006-09-26,31,-1,0.0005658545131697764,-0.0004565824068564,time,G0_no_gate
EURUSD/USDCHF,2006-10-11,2006-11-23,31,-1,0.00445108390360428,0.0034273828910593093,time,G0_no_gate
EURUSD/USDCHF,2006-12-11,2007-01-23,31,-1,-0.009143347218151745,-0.010165431261783042,time,G0_no_gate
EURUSD/USDCHF,2007-01-24,2007-03-08,31,-1,0.002145479856114016,0.0011228872452310522,time,G0_no_gate
EURUSD/USDCHF,2007-04-06,2007-05-21,31,-1,-0.005062428159475697,-0.0060818396301666675,time,G0_no_gate
EURUSD/USDCHF,2007-05-22,2007-07-04,31,-1,0.0007994629798162498,-0.00022636402863557715,time,G0_no_gate
EURUSD/USDCHF,2008-01-14,2008-02-11,20,1,-0.007297078537777932,-0.007995033563259504,stop,G0_no_gate
EURUSD/USDCHF,2008-02-12,2008-03-26,31,1,-0.010186079686033458,-0.011216067249261004,time,G0_no_gate
EURUSD/USDCHF,2008-09-05,2008-10-06,21,1,-0.01950660724746807,-0.020226365609431987,stop,G0_no_gate
EURUSD/USDCHF,2008-10-14,2008-10-16,2,1,-0.006257851980041368,-0.0064085442520029215,stop,G0_no_gate
EURUSD/USDCHF,2008-10-21,2008-10-22,1,1,-0.005663748851611029,-0.005785385171311265,stop,G0_no_gate
EURUSD/USDCHF,2008-11-04,2008-12-09,25,1,0.015048319448033837,0.0142061835504204,stop,G0_no_gate
EURUSD/USDCHF,2008-12-25,2009-02-06,31,1,-0.03419510284394674,-0.035228604494484075,time,G0_no_gate
EURUSD/USDCHF,2010-01-01,2010-02-15,31,1,-0.006620894358783637,-0.007650829752009054,time,G0_no_gate
EURUSD/USDCHF,2010-02-16,2010-03-24,26,1,-0.013755078231304294,-0.01463417131061569,stop,G0_no_gate
EURUSD/USDCHF,2010-03-25,2010-05-07,31,1,-0.004180415304178188,-0.005208742327137272,time,G0_no_gate
EURUSD/USDCHF,2010-05-12,2010-05-24,8,1,0.013714869645613189,0.013374225331632045,target,G0_no_gate
EURUSD/USDCHF,2010-06-18,2010-06-29,7,1,-0.02099513772689724,-0.021314762978533883,stop,G0_no_gate
EURUSD/USDCHF,2010-07-12,2010-08-24,31,1,-0.01020819859408012,-0.011251243637595196,time,G0_no_gate
EURUSD/USDCHF,2010-08-25,2010-10-07,31,1,-0.0046782607075217305,-0.0057257259147591374,time,G0_no_gate
EURUSD/USDCHF,2011-07-13,2011-08-25,31,1,0.004386462985675374,0.0033537286444810287,time,G0_no_gate
EURUSD/USDCHF,2011-12-19,2012-02-02,31,1,0.0014594420391898072,0.00044214077599282636,time,G0_no_gate
EURUSD/USDCHF,2013-01-14,2013-01-15,1,-1,-0.00528860722950441,-0.005431362560495737,stop,G0_no_gate
EURUSD/USDCHF,2013-02-01,2013-03-18,31,-1,0.0057597027270962905,0.004717336243904572,time,G0_no_gate
EURUSD/USDCHF,2013-04-26,2013-05-16,14,-1,-0.0074417128622098795,-0.007975631012430479,stop,G0_no_gate
EURUSD/USDCHF,2013-05-17,2013-05-24,5,-1,-0.004532000866890674,-0.004795065968942521,stop,G0_no_gate
EURUSD/USDCHF,2013-05-27,2013-07-09,31,-1,0.0011886979516291933,0.00014623934493940326,time,G0_no_gate
EURUSD/USDCHF,2014-06-12,2014-07-25,31,1,-0.001541883464820875,-0.0025781592741671334,time,G0_no_gate
EURUSD/USDCHF,2014-07-28,2014-09-09,31,1,-0.00966158455767327,-0.010694532526891804,time,G0_no_gate
EURUSD/USDCHF,2014-09-10,2014-10-23,31,1,-0.0014561610907794312,-0.0024939158548486565,time,G0_no_gate
EURUSD/USDCHF,2015-02-04,2015-03-19,31,1,6.096725153081759e-05,-0.0009807558367037298,time,G0_no_gate
EURUSD/USDCHF,2016-05-04,2016-06-14,29,-1,0.009255649961188068,0.008285989366344452,target,G0_no_gate
EURUSD/USDCHF,2016-11-11,2016-12-26,31,1,-0.002461394096111338,-0.0035015333839400154,time,G0_no_gate
EURUSD/USDCHF,2017-02-01,2017-03-16,31,1,0.0035087245126992294,0.0024619150899440486,time,G0_no_gate
EURUSD/USDCHF,2017-05-11,2017-06-02,16,-1,0.008565483828365023,0.007966554156128219,target,G0_no_gate
EURUSD/USDCHF,2017-07-28,2017-07-31,1,-1,-0.005391692437601189,-0.005540240805989213,stop,G0_no_gate
EURUSD/USDCHF,2017-08-11,2017-08-16,3,-1,-0.005546353837693255,-0.005756301186523374,stop,G0_no_gate
EURUSD/USDCHF,2017-08-17,2017-09-29,31,-1,-0.0036246488609705608,-0.0046751570806276045,time,G0_no_gate
EURUSD/USDCHF,2017-10-04,2017-11-17,31,-1,-0.014299875100623884,-0.015351504741433682,time,G0_no_gate
EURUSD/USDCHF,2017-11-20,2018-01-02,31,-1,0.0013726116282331623,0.0003197864852917975,time,G0_no_gate
EURUSD/USDCHF,2018-08-14,2018-09-26,31,1,0.002926672813213674,0.0018873591975249755,time,G0_no_gate
EURUSD/USDCHF,2019-06-24,2019-08-06,31,1,-0.008996483305286605,-0.01003588172578768,time,G0_no_gate
EURUSD/USDCHF,2019-08-07,2019-09-19,31,1,-0.00047672386003901437,-0.001511374347302124,time,G0_no_gate
EURUSD/USDCHF,2019-09-20,2019-11-04,31,1,0.009646114247696144,0.008639973586516553,time,G0_no_gate
EURUSD/USDCHF,2020-02-14,2020-03-23,26,1,-0.013029710193732886,-0.013894945068297205,stop,G0_no_gate
EURUSD/USDCHF,2020-03-24,2020-05-06,31,1,0.006875147025371545,0.005870455499696699,time,G0_no_gate
EURUSD/USDCHF,2020-07-28,2020-09-09,31,-1,0.0005523239767103979,-0.00047734709462632276,time,G0_no_gate
EURUSD/USDCHF,2021-01-04,2021-01-12,6,-1,-0.000713577676207257,-0.001015818067112153,target,G0_no_gate
EURUSD/USDCHF,2021-03-02,2021-03-03,1,-1,-0.001327458774381931,-0.0014779211399790148,stop,G0_no_gate
EURUSD/USDCHF,2021-03-17,2021-04-29,31,-1,0.0010097308254895863,-4.104948354469e-05,time,G0_no_gate
EURUSD/USDCHF,2021-10-08,2021-11-22,31,1,-0.013934908105312815,-0.014974154453344588,time,G0_no_gate
EURUSD/USDCHF,2021-11-23,2022-01-05,31,1,-0.006068040257859086,-0.007111850182445692,time,G0_no_gate
EURUSD/USDCHF,2022-01-06,2022-02-18,31,1,0.003502066133749118,0.002453801616727674,time,G0_no_gate
EURUSD/USDCHF,2022-03-03,2022-04-15,31,1,0.0019214328378728465,0.0008695586688910442,time,G0_no_gate
EURUSD/USDCHF,2022-05-11,2022-05-23,8,-1,0.012008262382540356,0.011643146966312143,target,G0_no_gate
EURUSD/USDCHF,2022-07-01,2022-08-15,31,1,-0.0170881420124333,-0.018143319871329614,time,G0_no_gate
EURUSD/USDCHF,2022-08-16,2022-09-28,31,1,0.005857523724681576,0.004803049982313401,time,G0_no_gate
EURUSD/USDCHF,2023-07-27,2023-09-08,31,1,0.0005353070503106266,-0.0005164519431276682,time,G0_no_gate
EURUSD/USDCHF,2023-10-17,2023-11-16,22,1,0.010350256931489192,0.009577315052938727,target,G0_no_gate
EURUSD/USDCHF,2024-11-12,2024-11-25,9,1,-0.009728808583669805,-0.01009970380360479,stop,G0_no_gate
EURUSD/USDCHF,2024-11-26,2024-11-27,1,1,0.0024629383602255838,0.0023310937646780832,stop,G0_no_gate
EURUSD/USDCHF,2024-11-28,2025-01-13,31,1,-0.011343402754192558,-0.012375245882233902,time,G0_no_gate
EURUSD/USDCHF,2025-01-14,2025-02-26,31,1,0.007886427982057385,0.006849549523437983,time,G0_no_gate
EURUSD/USDCHF,2026-02-09,2026-03-10,21,1,-0.008613567282071848,-0.009368123476448437,stop,G0_no_gate
EURUSD/USDCHF,2026-03-11,2026-03-13,2,1,-0.0008881056335527063,-0.0010684091897903139,stop,G0_no_gate
EURUSD/USDCHF,2026-03-16,2026-03-17,1,1,0.0022974985179594117,0.002147718432279455,stop,G0_no_gate
EURUSD/USDCHF,2026-03-18,2026-04-09,16,1,0.009541808548275424,0.008943296995680439,target,G0_no_gate
EURUSD/USDCHF,2026-06-25,2026-08-04,28,1,0.008536301087013056,0.0075919325520130395,target,G0_no_gate
AUDUSD/NZDUSD,2013-04-24,2013-05-20,18,1,-0.01869311855962441,-0.01939086225205521,stop,G1_cointegration
AUDUSD/NZDUSD,2017-07-20,2017-09-01,31,-1,-0.0073168609145574295,-0.008433146869340774,time,G1_cointegration
AUDUSD/NZDUSD,2018-12-06,2019-01-18,31,1,0.003292030465792974,0.002149008155543035,time,G1_cointegration
AUDUSD/NZDUSD,2025-04-11,2025-05-28,31,1,0.0030618881495234965,0.0018917393294945717,time,G1_cointegration
EURUSD/GBPUSD,2006-12-11,2006-12-14,3,-1,0.004488956233207568,0.004337995581679038,target,G1_cointegration
EURUSD/GBPUSD,2007-01-15,2007-02-14,22,1,0.008750891979916676,0.008029927094099037,target,G1_cointegration
EURUSD/GBPUSD,2007-03-14,2007-04-26,31,-1,-0.006155401030764495,-0.007144816258596469,time,G1_cointegration
EURUSD/GBPUSD,2007-04-27,2007-06-11,31,-1,0.006480148617342313,0.005489810816699768,time,G1_cointegration
EURUSD/GBPUSD,2007-09-17,2007-10-30,31,-1,-0.0009453799241218367,-0.001932133773855934,time,G1_cointegration
EURUSD/GBPUSD,2011-09-26,2011-10-04,6,-1,0.008161300339084325,0.007910323690282047,target,G1_cointegration
EURUSD/GBPUSD,2012-02-02,2012-03-16,31,1,0.0028466729367879187,0.0018460380756872919,time,G1_cointegration
EURUSD/GBPUSD,2012-04-04,2012-05-17,31,1,-0.014299153067167173,-0.015300013527321625,time,G1_cointegration
EURUSD/GBPUSD,2012-05-18,2012-07-02,31,1,0.002646022258948651,0.0016447258917033649,time,G1_cointegration
EURUSD/GBPUSD,2016-11-16,2016-12-29,31,1,-0.02864817734577527,-0.029655288642715747,time,G1_cointegration
EURUSD/GBPUSD,2016-12-30,2017-02-13,31,1,0.0005776593422025314,-0.0004314047161081726,time,G1_cointegration
EURUSD/GBPUSD,2018-10-11,2018-11-01,15,1,0.004603008039608199,0.004071891514470397,target,G1_cointegration
EURUSD/GBPUSD,2019-04-02,2019-05-15,31,1,0.004916949960397937,0.003906951410864807,time,G1_cointegration
EURUSD/GBPUSD,2022-12-19,2023-01-31,31,-1,-0.007323997708917023,-0.008337804674536783,time,G1_cointegration
EURUSD/GBPUSD,2023-02-01,2023-03-16,31,-1,0.006685712974649593,0.005670072862921958,time,G1_cointegration
EURUSD/GBPUSD,2024-10-21,2024-12-03,31,1,-0.012113861341702944,-0.013126417935881532,time,G1_cointegration
EURUSD/GBPUSD,2026-06-24,2026-07-17,17,1,-0.005214062536173216,-0.005801813845035659,stop,G1_cointegration
EURUSD/GBPUSD,2026-07-20,2026-09-01,31,1,0.006088276821003352,0.005080944093610619,time,G1_cointegration
EURGBP/CHFJPY,2006-12-11,2006-12-14,3,-1,0.006691128835222213,0.006369433606739491,target,G1_cointegration
EURGBP/CHFJPY,2007-01-15,2007-02-15,23,1,0.016697877032029598,0.01577580714113559,target,G1_cointegration
EURGBP/CHFJPY,2007-03-16,2007-04-30,31,-1,-0.004561424057513415,-0.005722144459692635,time,G1_cointegration
EURGBP/CHFJPY,2007-05-07,2007-06-13,27,-1,0.01012178755610068,0.009083110905900596,target,G1_cointegration
EURGBP/CHFJPY,2007-09-14,2007-09-21,5,-1,-0.008708583560135002,-0.00907598635635159,stop,G1_cointegration
EURGBP/CHFJPY,2007-09-24,2007-11-06,31,-1,0.0003781816627464005,-0.0007695068674185709,time,G1_cointegration
EURGBP/CHFJPY,2012-01-10,2012-02-22,31,1,-0.002531103888075011,-0.0036602285243642263,time,G1_cointegration
EURGBP/CHFJPY,2012-03-02,2012-04-16,31,1,-0.005915215821017204,-0.007049376602758251,time,G1_cointegration
EURGBP/CHFJPY,2012-04-19,2012-06-01,31,1,0.003376302992441715,0.002234583938891959,time,G1_cointegration
EURGBP/CHFJPY,2013-11-25,2013-12-19,18,1,-0.006673716775398774,-0.007398955970829299,target,G1_cointegration
EURGBP/CHFJPY,2016-12-02,2017-01-16,31,-1,-0.021853660066838986,-0.022979963561221523,time,G1_cointegration
EURGBP/CHFJPY,2018-12-12,2019-01-23,30,-1,0.02149711060972963,0.02041721802235262,target,G1_cointegration
EURGBP/CHFJPY,2019-01-28,2019-02-07,8,1,0.014529180510664985,0.014107465583185583,target,G1_cointegration
EURGBP/CHFJPY,2019-02-28,2019-04-12,31,1,0.006015488996629272,0.004899494243743146,time,G1_cointegration
EURGBP/CHFJPY,2019-07-31,2019-09-12,31,-1,0.02052024583505619,0.019410800056472673,time,G1_cointegration
EURGBP/CHFJPY,2022-01-24,2022-02-09,12,1,0.006066965187958191,0.00552317564784158,target,G1_cointegration
EURGBP/CHFJPY,2022-04-04,2022-04-18,10,-1,0.008456369817744964,0.007973869363140854,target,G1_cointegration
EURGBP/CHFJPY,2022-04-26,2022-06-08,31,-1,-0.01350609271588739,-0.014614081672024838,time,G1_cointegration
EURGBP/CHFJPY,2024-07-26,2024-08-07,8,1,0.009729904673174836,0.009321496727805507,target,G1_cointegration
EURGBP/CHFJPY,2024-08-29,2024-10-11,31,1,-0.002723808138276268,-0.0038244964840418623,time,G1_cointegration
EURGBP/CHFJPY,2024-10-17,2024-11-04,12,1,0.006939674390733474,0.006409366913076954,target,G1_cointegration
EURGBP/CHFJPY,2024-11-12,2024-12-25,31,1,0.0005608687631808748,-0.0005413430453531096,time,G1_cointegration
EURGBP/CHFJPY,2025-12-24,2026-02-09,31,1,-0.009131800746813724,-0.010221344173717607,time,G1_cointegration
EURGBP/CHFJPY,2026-03-13,2026-04-02,14,1,0.010492930154507066,0.009908988313746647,target,G1_cointegration
AUDJPY/NZDJPY,2010-10-04,2010-11-16,31,-1,0.01270473963410819,0.01145722360318034,time,G1_cointegration
AUDJPY/NZDJPY,2013-05-27,2013-06-21,19,1,-0.01022012879112572,-0.011062662076838016,stop,G1_cointegration
AUDJPY/NZDJPY,2024-07-12,2024-08-26,31,-1,0.006943380093043048,0.005770561159438298,time,G1_cointegration
EURUSD/USDCHF,2013-03-08,2013-04-09,22,-1,0.0074236836361218795,0.006649158410849689,target,G1_cointegration
EURUSD/USDCHF,2013-04-26,2013-05-16,14,-1,-0.0074417128622098795,-0.007975631012430479,stop,G1_cointegration
EURUSD/USDCHF,2013-05-17,2013-05-24,5,-1,-0.004532000866890674,-0.004795065968942521,stop,G1_cointegration
EURUSD/USDCHF,2013-05-27,2013-07-09,31,-1,0.0011886979516291933,0.00014623934493940326,time,G1_cointegration
EURUSD/USDCHF,2014-08-04,2014-09-16,31,1,-0.008227927652005376,-0.009260893002520284,time,G1_cointegration
EURUSD/USDCHF,2016-11-11,2016-12-26,31,1,-0.002461394096111338,-0.0035015333839400154,time,G1_cointegration
EURUSD/USDCHF,2017-05-11,2017-06-02,16,-1,0.008565483828365023,0.007966554156128219,target,G1_cointegration
EURUSD/USDCHF,2017-07-28,2017-07-31,1,-1,-0.005391692437601189,-0.005540240805989213,stop,G1_cointegration
EURUSD/USDCHF,2017-08-11,2017-08-16,3,-1,-0.005546353837693255,-0.005756301186523374,stop,G1_cointegration
EURUSD/USDCHF,2017-08-17,2017-09-29,31,-1,-0.0036246488609705608,-0.0046751570806276045,time,G1_cointegration
EURUSD/USDCHF,2020-04-06,2020-05-19,31,1,0.009945393342842914,0.008942027257804748,time,G1_cointegration
EURUSD/USDCHF,2020-07-28,2020-09-09,31,-1,0.0005523239767103979,-0.00047734709462632276,time,G1_cointegration
EURUSD/USDCHF,2024-11-12,2024-11-25,9,1,-0.009728808583669805,-0.01009970380360479,stop,G1_cointegration
EURUSD/USDCHF,2024-11-26,2024-11-27,1,1,0.0024629383602255838,0.0023310937646780832,stop,G1_cointegration
EURUSD/USDCHF,2024-11-28,2025-01-13,31,1,-0.011343402754192558,-0.012375245882233902,time,G1_cointegration
EURUSD/USDCHF,2026-07-03,2026-08-04,22,1,0.007382993755103541,0.006616401849276918,target,G1_cointegration
AUDUSD/NZDUSD,2013-04-24,2013-05-20,18,1,-0.01869311855962441,-0.01939086225205521,stop,G2_coint_plus_halflife
AUDUSD/NZDUSD,2017-07-20,2017-09-01,31,-1,-0.0073168609145574295,-0.008433146869340774,time,G2_coint_plus_halflife
AUDUSD/NZDUSD,2018-12-06,2019-01-18,31,1,0.003292030465792974,0.002149008155543035,time,G2_coint_plus_halflife
AUDUSD/NZDUSD,2025-04-11,2025-05-28,31,1,0.0030618881495234965,0.0018917393294945717,time,G2_coint_plus_halflife
EURUSD/GBPUSD,2006-12-11,2006-12-14,3,-1,0.004488956233207568,0.004337995581679038,target,G2_coint_plus_halflife
EURUSD/GBPUSD,2007-01-15,2007-02-14,22,1,0.008750891979916676,0.008029927094099037,target,G2_coint_plus_halflife
EURUSD/GBPUSD,2007-03-14,2007-04-26,31,-1,-0.006155401030764495,-0.007144816258596469,time,G2_coint_plus_halflife
EURUSD/GBPUSD,2007-04-27,2007-06-11,31,-1,0.006480148617342313,0.005489810816699768,time,G2_coint_plus_halflife
EURUSD/GBPUSD,2007-09-17,2007-10-30,31,-1,-0.0009453799241218367,-0.001932133773855934,time,G2_coint_plus_halflife
EURUSD/GBPUSD,2011-09-26,2011-10-04,6,-1,0.008161300339084325,0.007910323690282047,target,G2_coint_plus_halflife
EURUSD/GBPUSD,2012-02-02,2012-03-16,31,1,0.0028466729367879187,0.0018460380756872919,time,G2_coint_plus_halflife
EURUSD/GBPUSD,2012-04-04,2012-05-17,31,1,-0.014299153067167173,-0.015300013527321625,time,G2_coint_plus_halflife
EURUSD/GBPUSD,2012-05-18,2012-07-02,31,1,0.002646022258948651,0.0016447258917033649,time,G2_coint_plus_halflife
EURUSD/GBPUSD,2016-11-16,2016-12-29,31,1,-0.02864817734577527,-0.029655288642715747,time,G2_coint_plus_halflife
EURUSD/GBPUSD,2016-12-30,2017-02-13,31,1,0.0005776593422025314,-0.0004314047161081726,time,G2_coint_plus_halflife
EURUSD/GBPUSD,2018-10-11,2018-11-01,15,1,0.004603008039608199,0.004071891514470397,target,G2_coint_plus_halflife
EURUSD/GBPUSD,2019-04-02,2019-05-15,31,1,0.004916949960397937,0.003906951410864807,time,G2_coint_plus_halflife
EURUSD/GBPUSD,2022-12-19,2023-01-31,31,-1,-0.007323997708917023,-0.008337804674536783,time,G2_coint_plus_halflife
EURUSD/GBPUSD,2023-02-01,2023-03-16,31,-1,0.006685712974649593,0.005670072862921958,time,G2_coint_plus_halflife
EURUSD/GBPUSD,2024-10-21,2024-12-03,31,1,-0.012113861341702944,-0.013126417935881532,time,G2_coint_plus_halflife
EURUSD/GBPUSD,2026-06-24,2026-07-17,17,1,-0.005214062536173216,-0.005801813845035659,stop,G2_coint_plus_halflife
EURUSD/GBPUSD,2026-07-20,2026-09-01,31,1,0.006088276821003352,0.005080944093610619,time,G2_coint_plus_halflife
EURGBP/CHFJPY,2006-12-11,2006-12-14,3,-1,0.006691128835222213,0.006369433606739491,target,G2_coint_plus_halflife
EURGBP/CHFJPY,2007-01-15,2007-02-15,23,1,0.016697877032029598,0.01577580714113559,target,G2_coint_plus_halflife
EURGBP/CHFJPY,2007-03-16,2007-04-30,31,-1,-0.004561424057513415,-0.005722144459692635,time,G2_coint_plus_halflife
EURGBP/CHFJPY,2007-05-07,2007-06-13,27,-1,0.01012178755610068,0.009083110905900596,target,G2_coint_plus_halflife
EURGBP/CHFJPY,2007-09-14,2007-09-21,5,-1,-0.008708583560135002,-0.00907598635635159,stop,G2_coint_plus_halflife
EURGBP/CHFJPY,2007-09-24,2007-11-06,31,-1,0.0003781816627464005,-0.0007695068674185709,time,G2_coint_plus_halflife
EURGBP/CHFJPY,2012-01-10,2012-02-22,31,1,-0.002531103888075011,-0.0036602285243642263,time,G2_coint_plus_halflife
EURGBP/CHFJPY,2012-03-02,2012-04-16,31,1,-0.005915215821017204,-0.007049376602758251,time,G2_coint_plus_halflife
EURGBP/CHFJPY,2012-04-19,2012-06-01,31,1,0.003376302992441715,0.002234583938891959,time,G2_coint_plus_halflife
EURGBP/CHFJPY,2013-11-25,2013-12-19,18,1,-0.006673716775398774,-0.007398955970829299,target,G2_coint_plus_halflife
EURGBP/CHFJPY,2016-12-02,2017-01-16,31,-1,-0.021853660066838986,-0.022979963561221523,time,G2_coint_plus_halflife
EURGBP/CHFJPY,2018-12-12,2019-01-23,30,-1,0.02149711060972963,0.02041721802235262,target,G2_coint_plus_halflife
EURGBP/CHFJPY,2019-01-28,2019-02-07,8,1,0.014529180510664985,0.014107465583185583,target,G2_coint_plus_halflife
EURGBP/CHFJPY,2019-02-28,2019-04-12,31,1,0.006015488996629272,0.004899494243743146,time,G2_coint_plus_halflife
EURGBP/CHFJPY,2019-07-31,2019-09-12,31,-1,0.02052024583505619,0.019410800056472673,time,G2_coint_plus_halflife
EURGBP/CHFJPY,2022-01-24,2022-02-09,12,1,0.006066965187958191,0.00552317564784158,target,G2_coint_plus_halflife
EURGBP/CHFJPY,2022-04-04,2022-04-18,10,-1,0.008456369817744964,0.007973869363140854,target,G2_coint_plus_halflife
EURGBP/CHFJPY,2022-04-26,2022-06-08,31,-1,-0.01350609271588739,-0.014614081672024838,time,G2_coint_plus_halflife
EURGBP/CHFJPY,2024-07-26,2024-08-07,8,1,0.009729904673174836,0.009321496727805507,target,G2_coint_plus_halflife
EURGBP/CHFJPY,2024-10-02,2024-11-04,23,1,0.01317736487998698,0.012317213522498656,target,G2_coint_plus_halflife
EURGBP/CHFJPY,2024-11-12,2024-12-25,31,1,0.0005608687631808748,-0.0005413430453531096,time,G2_coint_plus_halflife
EURGBP/CHFJPY,2025-12-24,2026-02-09,31,1,-0.009131800746813724,-0.010221344173717607,time,G2_coint_plus_halflife
EURGBP/CHFJPY,2026-03-13,2026-04-02,14,1,0.010492930154507066,0.009908988313746647,target,G2_coint_plus_halflife
AUDJPY/NZDJPY,2010-10-04,2010-11-16,31,-1,0.01270473963410819,0.01145722360318034,time,G2_coint_plus_halflife
AUDJPY/NZDJPY,2013-05-27,2013-06-21,19,1,-0.01022012879112572,-0.011062662076838016,stop,G2_coint_plus_halflife
AUDJPY/NZDJPY,2024-08-19,2024-09-02,10,-1,0.008670270385458792,0.008131208073410855,target,G2_coint_plus_halflife
EURUSD/USDCHF,2013-03-08,2013-04-09,22,-1,0.0074236836361218795,0.006649158410849689,target,G2_coint_plus_halflife
EURUSD/USDCHF,2013-04-26,2013-05-16,14,-1,-0.0074417128622098795,-0.007975631012430479,stop,G2_coint_plus_halflife
EURUSD/USDCHF,2013-05-17,2013-05-24,5,-1,-0.004532000866890674,-0.004795065968942521,stop,G2_coint_plus_halflife
EURUSD/USDCHF,2013-05-27,2013-07-09,31,-1,0.0011886979516291933,0.00014623934493940326,time,G2_coint_plus_halflife
EURUSD/USDCHF,2014-08-04,2014-09-16,31,1,-0.008227927652005376,-0.009260893002520284,time,G2_coint_plus_halflife
EURUSD/USDCHF,2016-11-11,2016-12-26,31,1,-0.002461394096111338,-0.0035015333839400154,time,G2_coint_plus_halflife
EURUSD/USDCHF,2017-05-11,2017-06-02,16,-1,0.008565483828365023,0.007966554156128219,target,G2_coint_plus_halflife
EURUSD/USDCHF,2017-07-28,2017-07-31,1,-1,-0.005391692437601189,-0.005540240805989213,stop,G2_coint_plus_halflife
EURUSD/USDCHF,2017-08-11,2017-08-16,3,-1,-0.005546353837693255,-0.005756301186523374,stop,G2_coint_plus_halflife
EURUSD/USDCHF,2017-08-17,2017-09-29,31,-1,-0.0036246488609705608,-0.0046751570806276045,time,G2_coint_plus_halflife
EURUSD/USDCHF,2020-04-06,2020-05-19,31,1,0.009945393342842914,0.008942027257804748,time,G2_coint_plus_halflife
EURUSD/USDCHF,2020-07-28,2020-09-09,31,-1,0.0005523239767103979,-0.00047734709462632276,time,G2_coint_plus_halflife
EURUSD/USDCHF,2024-11-12,2024-11-25,9,1,-0.009728808583669805,-0.01009970380360479,stop,G2_coint_plus_halflife
EURUSD/USDCHF,2024-11-26,2024-11-27,1,1,0.0024629383602255838,0.0023310937646780832,stop,G2_coint_plus_halflife
EURUSD/USDCHF,2024-11-28,2025-01-13,31,1,-0.011343402754192558,-0.012375245882233902,time,G2_coint_plus_halflife
EURUSD/USDCHF,2026-07-03,2026-08-04,22,1,0.007382993755103541,0.006616401849276918,target,G2_coint_plus_halflife
